waypoint_name,latitude,longitude,date,time,speed_knots,fuel_burn_mt,co2_mt,segment_cost
WP000_DEPART,1.2902,104.3612,01/09/2026,06:00:55,0.00,0.0000,0.0000,0.00
WP001,1.7902,104.3612,01/09/2026,08:28:55,11.79,1.5662,4.8772,2569.43
WP002,2.2902,104.3612,01/09/2026,10:54:55,11.97,1.6144,5.0272,2598.01
WP002_I1,2.5402,104.1112,01/09/2026,12:40:55,12.02,1.1704,3.6446,1883.05
WP003,2.7902,103.8612,01/09/2026,14:26:55,12.02,1.1704,3.6446,1883.05
WP004,3.2902,103.8612,01/09/2026,16:49:55,12.22,1.6825,5.2394,2639.60
WP004_I1,3.5402,103.6112,01/09/2026,18:33:55,12.28,1.2210,3.8021,1912.93
WP005,3.7902,103.3612,01/09/2026,20:16:55,12.28,1.2210,3.8021,1912.93
WP006,4.2902,103.3612,01/09/2026,22:36:55,12.50,1.7605,5.4823,2688.75
WP006_I1,4.5402,103.1112,02/09/2026,00:17:55,12.58,1.2806,3.9877,1949.33
WP007,4.7902,102.8612,02/09/2026,01:59:55,12.58,1.2806,3.9877,1949.33
WP007_I1,5.0402,102.6112,02/09/2026,03:39:55,12.66,1.2964,4.0370,1959.01
WP008,5.2902,102.3612,02/09/2026,05:19:55,12.66,1.2964,4.0370,1959.01
WP008_I1,5.5402,102.1112,02/09/2026,06:51:55,12.76,1.4074,4.3827,1997.09
WP009,5.7902,101.8612,02/09/2026,08:23:55,12.76,1.4074,4.3827,1997.09
WP009_I1,6.0402,101.6112,02/09/2026,09:54:55,12.83,1.4222,4.4289,2007.11
WP010,6.2902,101.3612,02/09/2026,11:25:55,12.83,1.4222,4.4289,2007.11
WP010_I1,6.5402,101.1112,02/09/2026,12:56:55,12.91,1.4393,4.4820,2018.75
WP011,6.7902,100.8612,02/09/2026,14:26:55,12.91,1.4393,4.4820,2018.75
WP011_I1,7.0402,100.6112,02/09/2026,15:57:55,13.00,1.4586,4.5422,2032.04
WP012,7.2902,100.3612,02/09/2026,17:27:55,13.00,1.4586,4.5422,2032.04
WP013,7.7902,99.8612,02/09/2026,20:25:55,13.10,2.9605,9.2191,4094.11
WP014,8.2902,99.3612,02/09/2026,23:22:55,13.21,3.0086,9.3687,4127.70
WP015,8.7902,98.8612,03/09/2026,02:18:55,13.33,3.0614,9.5332,4164.98
WP016,8.7902,98.3612,03/09/2026,04:24:55,13.30,2.2812,7.1036,3066.04
WP017,8.7902,97.8612,03/09/2026,06:30:55,13.28,2.2743,7.0822,3061.00
WP017_I1,8.5402,97.6112,03/09/2026,08:04:55,13.38,1.7363,5.4068,2320.42
WP018,8.2902,97.3612,03/09/2026,09:38:55,13.38,1.7363,5.4068,2320.42
WP018_I1,8.0402,97.1112,03/09/2026,11:11:55,13.52,1.7739,5.5239,2348.53
WP019,7.7902,96.8612,03/09/2026,12:44:55,13.52,1.7739,5.5239,2348.53
WP020,7.7902,96.3612,03/09/2026,14:45:55,13.51,2.5405,7.9110,153267.07
WP020_I1,7.5402,96.1112,03/09/2026,16:15:55,13.63,1.9746,6.1488,77515.61
WP021,7.2902,95.8612,03/09/2026,17:46:55,13.63,1.9746,6.1488,77515.61
WP022,6.7902,95.3612,03/09/2026,20:45:55,13.79,4.0445,12.5945,155105.26
WP023,6.2902,94.8612,03/09/2026,23:42:55,13.97,4.1528,12.9317,155189.77
WP024,5.7902,94.8612,04/09/2026,01:49:55,14.43,2.5797,8.0333,3354.73
WP025,5.2902,94.8612,04/09/2026,03:52:55,14.96,2.7727,8.6343,3499.77
WP026,4.7902,94.8612,04/09/2026,05:50:55,15.51,2.9803,9.2808,3659.67
WP027,4.2902,94.8612,04/09/2026,07:44:55,16.10,3.2114,10.0003,3841.52
WP028,3.7902,94.8612,04/09/2026,09:35:55,16.50,3.3730,10.5034,3970.74
WP029,3.2902,94.8612,04/09/2026,11:26:55,16.50,3.3730,10.5034,3970.74
WP030,2.7902,94.8612,04/09/2026,13:17:55,16.50,3.3730,10.5034,3970.74
WP031,2.2902,94.3612,04/09/2026,15:51:55,16.50,4.7359,14.7476,5562.93
WP032,1.7902,93.8612,04/09/2026,18:24:55,16.50,4.9571,15.4364,5754.55
WP033,1.2902,93.3612,04/09/2026,20:56:55,16.50,4.9578,15.4385,5755.32
WP034,0.7902,92.8612,04/09/2026,23:29:55,16.50,4.9582,15.4400,5755.88
WP035,0.2902,92.3612,05/09/2026,02:01:55,16.50,4.9585,15.4409,5756.22
WP036,-0.2098,91.8612,05/09/2026,04:34:55,16.50,4.9587,15.4413,5756.35
WP037,-0.7098,91.3612,05/09/2026,07:06:55,16.50,4.9586,15.4410,5756.27
WP038,-0.7098,90.8612,05/09/2026,08:47:55,16.50,3.8006,11.8351,129294.65
WP039,-0.7098,90.3612,05/09/2026,10:28:55,16.50,3.8006,11.8351,129294.65
WP040,-0.2098,89.8612,05/09/2026,12:54:55,16.50,4.9932,15.5487,130736.88
WP041,-0.2098,89.3612,05/09/2026,14:39:55,16.50,3.3674,10.4861,3923.00
WP042,0.2902,88.8612,05/09/2026,17:09:55,16.50,4.6004,14.3257,5403.95
WP043,0.7902,88.3612,05/09/2026,19:39:55,16.50,4.6003,14.3253,5403.82
WP044,1.2902,87.8612,05/09/2026,22:09:55,16.50,4.6000,14.3244,5403.47
WP045,1.7902,87.3612,06/09/2026,00:41:55,16.50,4.4648,13.9034,5293.34
WP046,2.2902,86.8612,06/09/2026,03:13:55,16.50,4.4642,13.9015,5292.59
WP047,2.7902,86.3612,06/09/2026,05:45:55,16.50,4.4634,13.8989,5291.65
WP048,3.2902,85.8612,06/09/2026,08:17:55,16.50,4.4624,13.8959,5290.49
WP049,3.2902,85.3612,06/09/2026,10:03:55,16.50,3.2394,10.0875,3811.60
WP050,3.2902,84.8612,06/09/2026,11:50:55,16.50,3.2394,10.0875,3811.60
WP051,3.2902,84.3612,06/09/2026,13:37:55,16.50,3.1217,9.7208,3708.66
WP052,3.2902,83.8612,06/09/2026,15:24:55,16.50,3.1217,9.7208,3708.66
WP053,3.2902,83.3612,06/09/2026,17:12:55,16.50,3.1217,9.7208,3708.66
WP054,3.2902,82.8612,06/09/2026,18:59:55,16.50,3.1217,9.7208,4898.91
WP055,3.7902,82.3612,06/09/2026,21:33:55,16.50,4.4419,13.8321,9570.66
WP056,4.2902,81.8612,07/09/2026,00:08:55,16.50,4.4406,13.8280,12657.88
WP057,4.7902,81.3612,07/09/2026,02:42:55,16.50,4.4391,13.8233,15743.91
WP058,5.2902,80.8612,07/09/2026,05:17:55,16.50,4.4374,13.8181,18828.63
WP059,5.7902,80.3612,07/09/2026,07:51:55,16.50,4.4356,13.8124,21911.93
WP060,6.2902,79.8612,07/09/2026,10:25:55,16.50,4.4336,13.8061,24993.70
WP061_ARRIVE,6.7902,79.3612,07/09/2026,12:59:55,16.50,4.4314,13.7993,28073.82
